Valery,Kryglyi,kyznez,kyznez@gmail.com,+375295679009
Stanislav,Boyko,boyko,boyko@gmail.com,+375295743456
Valery,Kyznecov,kyznez1,kyznez@gmail.com,+375295678908
Stanislav,Boyko,boyko1,boyko1@gmail.com,+375295743456
Valery,Kyznecov,kyznez2,kyznez2@gmail.com,+375295678908
Stanislav,Boyko,boyko2,boyko2@gmail.com,+375295743456
Valery,Kyznecov,kyznez3,kyznez3@gmail.com,+375295678908
Stanislav,Boyko,boyko3,boyko3@gmail.com,+375295743456
Valery,Kyznecov,kyznez4,kyznez@gmail.com,+375295678908
Stanislav,Boyko,boyko4,boyko@gmail.com,+375295743456
Valery,Kyznecov,kyznez5,kyznez@gmail.com,+375295678908
Stanislav,Boyko,boyko5,boyko@gmail.com,+375295743456
Valery,Kyznecov,kyznez6,kyznez@gmail.com,+375295678908
Stanislav,Boyko,boyko6,boyko@gmail.com,+375295743456
Valery,Kyznecov,kyznez7,kyznez@gmail.com,+375295678908
Stanislav,Boyko,boyko7,boyko@gmail.com,+375295743456
Valery,Kyznecov,kyznez8,kyznez@gmail.com,+375295678908
Stanislav,Boyko,boyko8,boyko@gmail.com,+375295743456
Valery,Kyznecov,kyznez9,kyznez@gmail.com,+375295678908
Stanislav,Boyko,boyko9,boyko@gmail.com,+375295743456
Valery,Kyznecov,kyznez10,kyz9nez@gmail.com,+375295678908
Stanislav,Boyko,boyko10,boyko@gmail.com,+375295743456
Valery,Kyznecov,kyznez11,kyznez@gmail.com,+375295678908
Stanislav,Boyko,boyko11,boyko@gmail.com,+375295743456
Valery,Kyznecov,kyznez12,kyznez@gmail.com,+375295678908
Stanislav,Boyko,boyko12,boyko@gmail.com,+375295743456
Valery,Kyznecov,kyznez13,kyznez@gmail.com,+375295678908
Stanislav,Boyko,boyko13,boyko@gmail.com,+375295743456
Valery,Kyznecov,kyznez14,kyznez@gmail.com,+375295678908
Stanislav,Boyko,boyko14,boyko@gmail.com,+375295743456
Valery,Kyznecov,kyznez15,kyznez@gmail.com,+375295678908
Stanislav,Boyko,boyko15,boyko@gmail.com,+375295743456
Valery,Kyznecov,kyznez16,kyznez@gmail.com,+375295678908
Stanislav,Boyko,boyko16,boyko@gmail.com,+375295743456
Valery,Kyznecov,kyznez17,kyznez@gmail.com,+375295678908
Stanislav,Boyko,boyko17,boyko@gmail.com,+375295743456
Valery,Kyznecov,kyznez18,kyznez@gmail.com,+375295678908